2015-06-16 02:08:00,Bathroom
2015-06-16 02:10:00,Bathroom
2015-06-16 05:01:00,Bathroom
2015-06-16 05:03:00,Bathroom
2015-06-16 08:01:00,Bedroom
2015-06-16 08:03:00,Bedroom
2015-06-16 08:05:00,Bedroom
2015-06-16 08:07:00,Bedroom
2015-06-16 08:09:00,Bathroom
2015-06-16 08:09:00,Bedroom
2015-06-16 08:11:00,Bathroom
2015-06-16 08:13:00,Bathroom
2015-06-16 08:22:00,Kitchen
2015-06-16 08:24:00,Kitchen
2015-06-16 08:26:00,Kitchen
2015-06-16 08:28:00,Kitchen
2015-06-16 08:30:00,Kitchen
2015-06-16 08:32:00,Kitchen
2015-06-16 08:34:00,Kitchen
2015-06-16 08:36:00,Kitchen
2015-06-16 08:38:00,Kitchen
2015-06-16 08:40:00,Kitchen
2015-06-16 10:29:00,Kitchen
2015-06-16 10:31:00,Kitchen
2015-06-16 10:33:00,Kitchen
2015-06-16 10:35:00,Kitchen
2015-06-16 10:37:00,Kitchen
2015-06-16 10:39:00,Kitchen
2015-06-16 10:41:00,Kitchen
2015-06-16 10:43:00,Kitchen
2015-06-16 10:45:00,Kitchen
2015-06-16 10:47:00,Kitchen
2015-06-16 10:49:00,Kitchen
2015-06-16 10:51:00,Kitchen
2015-06-16 10:53:00,Kitchen
2015-06-16 10:55:00,Kitchen
2015-06-16 10:57:00,Kitchen
2015-06-16 10:59:00,Kitchen
2015-06-16 11:01:00,Kitchen
2015-06-16 11:03:00,Kitchen
2015-06-16 11:05:00,Kitchen
2015-06-16 11:07:00,Kitchen
2015-06-16 11:09:00,Kitchen
2015-06-16 11:11:00,Kitchen
2015-06-16 11:13:00,Kitchen
2015-06-16 11:15:00,Kitchen
2015-06-16 11:17:00,Kitchen
2015-06-16 11:19:00,Kitchen
2015-06-16 11:21:00,Kitchen
2015-06-16 11:23:00,Kitchen
2015-06-16 11:25:00,Kitchen
2015-06-16 11:27:00,Kitchen
2015-06-16 11:29:00,Kitchen
2015-06-16 11:31:00,Kitchen
2015-06-16 11:33:00,Kitchen
2015-06-16 11:35:00,Kitchen
2015-06-16 11:37:00,Kitchen
2015-06-16 11:39:00,Kitchen
2015-06-16 11:41:00,Kitchen
2015-06-16 11:43:00,Kitchen
2015-06-16 11:45:00,Kitchen
2015-06-16 11:47:00,Kitchen
2015-06-16 11:49:00,Kitchen
2015-06-16 11:51:00,Kitchen
2015-06-16 11:53:00,Kitchen
2015-06-16 11:55:00,Kitchen
2015-06-16 11:57:00,Kitchen
2015-06-16 11:59:00,Kitchen
2015-06-16 12:01:00,Kitchen
2015-06-16 12:03:00,Kitchen
2015-06-16 12:05:00,Kitchen
2015-06-16 12:07:00,Kitchen
2015-06-16 12:09:00,Kitchen
2015-06-16 12:11:00,Kitchen
2015-06-16 12:13:00,Kitchen
2015-06-16 12:15:00,Kitchen
2015-06-16 12:17:00,Kitchen
2015-06-16 12:19:00,Kitchen
2015-06-16 12:21:00,Kitchen
2015-06-16 12:23:00,Kitchen
2015-06-16 12:25:00,Kitchen
2015-06-16 12:27:00,Kitchen
2015-06-16 12:29:00,Kitchen
2015-06-16 12:31:00,Kitchen
2015-06-16 12:33:00,Kitchen
2015-06-16 12:35:00,Kitchen
2015-06-16 12:37:00,Kitchen
2015-06-16 14:07:00,Living room
2015-06-16 14:15:00,Living room
2015-06-16 14:21:00,Living room
2015-06-16 15:13:00,Living room
2015-06-16 15:29:00,Living room
2015-06-16 15:39:00,Living room
2015-06-16 19:35:00,Kitchen
2015-06-16 19:37:00,Kitchen
2015-06-16 19:39:00,Kitchen
2015-06-16 19:41:00,Kitchen
2015-06-16 19:43:00,Kitchen
2015-06-16 19:45:00,Kitchen
2015-06-16 19:47:00,Kitchen
2015-06-16 19:49:00,Kitchen
2015-06-16 19:51:00,Kitchen
2015-06-16 19:53:00,Kitchen
2015-06-16 20:39:00,Living room
2015-06-16 20:41:00,Living room
2015-06-16 21:09:00,Living room
2015-06-16 21:11:00,Living room
2015-06-16 22:21:00,Bathroom
2015-06-16 22:23:00,Bathroom
2015-06-16 22:25:00,Bedroom
2015-06-16 22:27:00,Bedroom
2015-06-16 22:29:00,Bedroom
2015-06-16 22:31:00,Bedroom
2015-06-17 00:13:00,Bedroom
2015-06-17 01:59:00,Bedroom
2015-06-17 02:11:00,Bathroom
2015-06-17 02:13:00,Bathroom
2015-06-17 02:13:00,Bedroom
2015-06-17 03:53:00,Bedroom
2015-06-17 05:11:00,Bathroom
2015-06-17 05:13:00,Bathroom
2015-06-17 07:54:00,Bedroom
2015-06-17 07:56:00,Bedroom
2015-06-17 07:58:00,Bedroom
2015-06-17 08:00:00,Bedroom
2015-06-17 08:02:00,Bedroom
2015-06-17 08:09:00,Bathroom
2015-06-17 08:11:00,Bathroom
2015-06-17 08:13:00,Bathroom
2015-06-17 08:41:00,Kitchen
2015-06-17 08:43:00,Kitchen
2015-06-17 08:45:00,Kitchen
2015-06-17 08:47:00,Kitchen
2015-06-17 08:49:00,Kitchen
2015-06-17 08:51:00,Kitchen
2015-06-17 08:53:00,Kitchen
2015-06-17 08:55:00,Kitchen
2015-06-17 08:57:00,Kitchen
2015-06-17 08:59:00,Kitchen
2015-06-17 10:26:00,Kitchen
2015-06-17 10:28:00,Kitchen
2015-06-17 10:30:00,Kitchen
2015-06-17 10:32:00,Kitchen
2015-06-17 10:34:00,Kitchen
2015-06-17 10:36:00,Kitchen
2015-06-17 10:38:00,Kitchen
2015-06-17 10:40:00,Kitchen
2015-06-17 10:42:00,Kitchen
2015-06-17 10:44:00,Kitchen
2015-06-17 10:46:00,Kitchen
2015-06-17 10:48:00,Kitchen
2015-06-17 10:50:00,Kitchen
2015-06-17 10:52:00,Kitchen
2015-06-17 10:54:00,Kitchen
2015-06-17 10:56:00,Kitchen
2015-06-17 10:58:00,Kitchen
2015-06-17 11:00:00,Kitchen
2015-06-17 11:02:00,Kitchen
2015-06-17 11:04:00,Kitchen
2015-06-17 11:06:00,Kitchen
2015-06-17 11:08:00,Kitchen
2015-06-17 11:10:00,Kitchen
2015-06-17 11:12:00,Kitchen
2015-06-17 11:14:00,Kitchen
2015-06-17 11:16:00,Kitchen
2015-06-17 11:18:00,Kitchen
2015-06-17 11:20:00,Kitchen
2015-06-17 11:22:00,Kitchen
2015-06-17 11:24:00,Kitchen
2015-06-17 11:26:00,Kitchen
2015-06-17 11:28:00,Kitchen
2015-06-17 11:30:00,Kitchen
2015-06-17 11:32:00,Kitchen
2015-06-17 11:34:00,Kitchen
2015-06-17 11:36:00,Kitchen
2015-06-17 11:38:00,Kitchen
2015-06-17 11:40:00,Kitchen
2015-06-17 11:42:00,Kitchen
2015-06-17 11:44:00,Kitchen
2015-06-17 11:46:00,Kitchen
2015-06-17 11:48:00,Kitchen
2015-06-17 11:50:00,Kitchen
2015-06-17 11:52:00,Kitchen
2015-06-17 11:53:00,Kitchen
2015-06-17 11:54:00,Kitchen
2015-06-17 11:55:00,Kitchen
2015-06-17 11:57:00,Kitchen
2015-06-17 11:59:00,Kitchen
2015-06-17 12:01:00,Kitchen
2015-06-17 12:03:00,Kitchen
2015-06-17 12:05:00,Kitchen
2015-06-17 12:07:00,Kitchen
2015-06-17 12:09:00,Kitchen
2015-06-17 12:11:00,Kitchen
2015-06-17 12:13:00,Kitchen
2015-06-17 12:15:00,Kitchen
2015-06-17 12:17:00,Kitchen
2015-06-17 12:19:00,Kitchen
2015-06-17 12:21:00,Kitchen
2015-06-17 12:23:00,Kitchen
2015-06-17 12:25:00,Kitchen
2015-06-17 12:27:00,Kitchen
2015-06-17 12:29:00,Kitchen
2015-06-17 12:31:00,Kitchen
2015-06-17 16:15:01,Bedroom
2015-06-17 16:30:01,Bathroom
2015-06-17 16:30:01,Bedroom
2015-06-17 16:30:01,Kitchen
2015-06-17 16:30:01,Living room
2015-06-17 16:45:01,Bathroom
2015-06-17 16:45:01,Kitchen
2015-06-17 16:45:01,Living room
2015-06-17 17:00:01,Bedroom
2015-06-17 17:15:01,Bathroom
2015-06-17 17:15:01,Bedroom
2015-06-17 17:15:01,Kitchen
2015-06-17 17:15:01,Living room
2015-06-17 17:30:01,Bathroom
2015-06-17 17:30:01,Bedroom
2015-06-17 17:30:01,Kitchen
2015-06-17 17:30:01,Living room
2015-06-17 17:45:01,Bathroom
2015-06-17 17:45:01,Bedroom
2015-06-17 17:45:01,Kitchen
2015-06-17 17:45:01,Living room
2015-06-17 18:00:01,Bathroom
2015-06-17 18:00:01,Bedroom
2015-06-17 18:00:01,Kitchen
2015-06-17 18:00:01,Living room
2015-06-17 18:15:01,Bathroom
2015-06-17 18:15:01,Kitchen
2015-06-17 18:15:01,Living room
2015-06-17 18:45:01,Bedroom
2015-06-17 19:00:01,Bathroom
2015-06-17 19:00:01,Kitchen
2015-06-17 19:00:01,Living room
2015-06-17 19:32:00,Kitchen
2015-06-17 19:34:00,Kitchen
2015-06-17 19:36:00,Kitchen
2015-06-17 19:38:00,Kitchen
2015-06-17 19:40:00,Kitchen
2015-06-17 19:42:00,Kitchen
2015-06-17 19:44:00,Kitchen
2015-06-17 19:46:00,Kitchen
2015-06-17 19:48:00,Kitchen
2015-06-17 19:50:00,Kitchen
2015-06-17 20:28:00,Living room
2015-06-17 20:30:00,Living room
2015-06-17 20:59:00,Living room
2015-06-17 21:01:00,Living room
2015-06-17 22:22:00,Bathroom
2015-06-17 22:24:00,Bathroom
2015-06-17 22:26:00,Bedroom
2015-06-17 22:28:00,Bedroom
2015-06-17 22:30:00,Bedroom
2015-06-17 22:32:00,Bedroom
2015-06-18 02:06:00,Bathroom
2015-06-18 02:08:00,Bathroom
2015-06-18 05:01:00,Bathroom
2015-06-18 05:03:00,Bathroom
2015-06-18 08:06:00,Bedroom
2015-06-18 08:08:00,Bedroom
2015-06-18 08:10:00,Bedroom
2015-06-18 08:11:00,Bathroom
2015-06-18 08:12:00,Bedroom
2015-06-18 08:13:00,Bathroom
2015-06-18 08:14:00,Bedroom
2015-06-18 08:15:00,Bathroom
2015-06-18 08:31:00,Kitchen
2015-06-18 08:33:00,Kitchen
2015-06-18 08:35:00,Kitchen
2015-06-18 08:37:00,Kitchen
2015-06-18 08:39:00,Kitchen
2015-06-18 08:41:00,Kitchen
2015-06-18 08:43:00,Kitchen
2015-06-18 08:45:00,Kitchen
2015-06-18 08:47:00,Kitchen
2015-06-18 08:49:00,Kitchen
2015-06-18 10:22:00,Kitchen
2015-06-18 10:24:00,Kitchen
2015-06-18 10:26:00,Kitchen
2015-06-18 10:28:00,Kitchen
2015-06-18 10:30:00,Kitchen
2015-06-18 10:32:00,Kitchen
2015-06-18 10:34:00,Kitchen
2015-06-18 10:36:00,Kitchen
2015-06-18 10:38:00,Kitchen
2015-06-18 10:40:00,Kitchen
2015-06-18 10:42:00,Kitchen
2015-06-18 10:44:00,Kitchen
2015-06-18 10:46:00,Kitchen
2015-06-18 10:48:00,Kitchen
2015-06-18 10:50:00,Kitchen
2015-06-18 10:52:00,Kitchen
2015-06-18 10:54:00,Kitchen
2015-06-18 10:56:00,Kitchen
2015-06-18 10:58:00,Kitchen
2015-06-18 11:00:00,Kitchen
2015-06-18 11:02:00,Kitchen
2015-06-18 11:04:00,Kitchen
2015-06-18 11:06:00,Kitchen
2015-06-18 11:08:00,Kitchen
2015-06-18 11:10:00,Kitchen
2015-06-18 11:12:00,Kitchen
2015-06-18 11:14:00,Kitchen
2015-06-18 11:16:00,Kitchen
2015-06-18 11:18:00,Kitchen
2015-06-18 11:20:00,Kitchen
2015-06-18 11:22:00,Kitchen
2015-06-18 11:24:00,Kitchen
2015-06-18 11:26:00,Kitchen
2015-06-18 11:28:00,Kitchen
2015-06-18 11:30:00,Kitchen
2015-06-18 11:32:00,Kitchen
2015-06-18 11:34:00,Kitchen
2015-06-18 11:36:00,Kitchen
2015-06-18 11:38:00,Kitchen
2015-06-18 11:40:00,Kitchen
2015-06-18 11:42:00,Kitchen
2015-06-18 11:44:00,Kitchen
2015-06-18 11:46:00,Kitchen
2015-06-18 11:48:00,Kitchen
2015-06-18 11:50:00,Kitchen
2015-06-18 12:06:00,Kitchen
2015-06-18 12:08:00,Kitchen
2015-06-18 12:10:00,Kitchen
2015-06-18 12:12:00,Kitchen
2015-06-18 12:14:00,Kitchen
2015-06-18 12:16:00,Kitchen
2015-06-18 12:18:00,Kitchen
2015-06-18 12:20:00,Kitchen
2015-06-18 12:22:00,Kitchen
2015-06-18 12:24:00,Kitchen
2015-06-18 12:26:00,Kitchen
2015-06-18 12:28:00,Kitchen
2015-06-18 12:30:00,Kitchen
2015-06-18 12:32:00,Kitchen
2015-06-18 12:34:00,Kitchen
2015-06-18 12:36:00,Kitchen
2015-06-18 12:38:00,Kitchen
2015-06-18 12:40:00,Kitchen
2015-06-18 12:42:00,Kitchen
2015-06-18 12:44:00,Kitchen
2015-06-18 14:08:00,Living room
2015-06-18 14:08:00,Living room
2015-06-18 14:18:00,Living room
2015-06-18 15:07:00,Living room
2015-06-18 15:10:00,Living room
2015-06-18 15:25:00,Living room
2015-06-18 19:34:00,Kitchen
2015-06-18 19:36:00,Kitchen
2015-06-18 19:38:00,Kitchen
2015-06-18 19:40:00,Kitchen
2015-06-18 19:42:00,Kitchen
2015-06-18 19:44:00,Kitchen
2015-06-18 19:46:00,Kitchen
2015-06-18 19:48:00,Kitchen
2015-06-18 19:50:00,Kitchen
2015-06-18 19:52:00,Kitchen
2015-06-18 20:33:00,Living room
2015-06-18 20:35:00,Living room
2015-06-18 21:12:00,Living room
2015-06-18 21:14:00,Living room
2015-06-18 22:21:00,Bathroom
2015-06-18 22:23:00,Bathroom
2015-06-18 22:25:00,Bedroom
2015-06-18 22:27:00,Bedroom
2015-06-18 22:29:00,Bedroom
2015-06-18 22:31:00,Bedroom
2015-06-18 23:02:00,Bedroom
2015-06-19 00:41:00,Bedroom
2015-06-19 02:08:00,Bathroom
2015-06-19 02:10:00,Bathroom
2015-06-19 02:37:00,Bedroom
2015-06-19 05:12:00,Bathroom
2015-06-19 05:14:00,Bathroom
2015-06-19 08:07:00,Bedroom
2015-06-19 08:09:00,Bedroom
2015-06-19 08:11:00,Bedroom
2015-06-19 08:13:00,Bedroom
2015-06-19 08:15:00,Bedroom
2015-06-19 08:25:00,Bathroom
2015-06-19 08:27:00,Bathroom
2015-06-19 08:29:00,Bathroom
2015-06-19 08:33:00,Kitchen
2015-06-19 08:35:00,Kitchen
2015-06-19 08:37:00,Kitchen
2015-06-19 08:39:00,Kitchen
2015-06-19 08:41:00,Kitchen
2015-06-19 08:43:00,Kitchen
2015-06-19 08:45:00,Kitchen
2015-06-19 08:47:00,Kitchen
2015-06-19 08:49:00,Kitchen
2015-06-19 08:51:00,Kitchen
2015-06-19 11:58:00,Kitchen
2015-06-19 12:00:00,Kitchen
2015-06-19 12:02:00,Kitchen
2015-06-19 12:04:00,Kitchen
2015-06-19 12:06:00,Kitchen
2015-06-19 12:08:00,Kitchen
2015-06-19 12:10:00,Kitchen
2015-06-19 12:12:00,Kitchen
2015-06-19 12:14:00,Kitchen
2015-06-19 12:16:00,Kitchen
2015-06-19 12:18:00,Kitchen
2015-06-19 12:20:00,Kitchen
2015-06-19 12:22:00,Kitchen
2015-06-19 12:24:00,Kitchen
2015-06-19 12:26:00,Kitchen
2015-06-19 12:28:00,Kitchen
2015-06-19 12:30:00,Kitchen
2015-06-19 12:32:00,Kitchen
2015-06-19 12:34:00,Kitchen
2015-06-19 12:36:00,Kitchen
2015-06-19 14:09:00,Living room
2015-06-19 14:24:00,Living room
2015-06-19 14:24:00,Living room
2015-06-19 15:08:00,Living room
2015-06-19 15:27:00,Living room
2015-06-19 15:36:00,Living room
2015-06-19 19:38:00,Kitchen
2015-06-19 19:40:00,Kitchen
2015-06-19 19:42:00,Kitchen
2015-06-19 19:44:00,Kitchen
2015-06-19 19:46:00,Kitchen
2015-06-19 19:48:00,Kitchen
2015-06-19 19:50:00,Kitchen
2015-06-19 19:52:00,Kitchen
2015-06-19 19:54:00,Kitchen
2015-06-19 19:56:00,Kitchen
2015-06-19 20:40:00,Living room
2015-06-19 20:42:00,Living room
2015-06-19 21:08:00,Living room
2015-06-19 21:10:00,Living room
2015-06-19 22:21:00,Bathroom
2015-06-19 22:23:00,Bathroom
2015-06-19 22:25:00,Bedroom
2015-06-19 22:27:00,Bedroom
2015-06-19 22:29:00,Bedroom
2015-06-19 22:31:00,Bedroom
2015-06-20 02:01:00,Bathroom
2015-06-20 02:03:00,Bathroom
2015-06-20 04:04:00,Bedroom
2015-06-20 05:09:00,Bathroom
2015-06-20 05:11:00,Bathroom
2015-06-20 06:48:00,Bedroom
2015-06-20 07:57:00,Bedroom
2015-06-20 07:59:00,Bedroom
2015-06-20 08:01:00,Bedroom
2015-06-20 08:03:00,Bedroom
2015-06-20 08:05:00,Bedroom
2015-06-20 08:27:00,Bathroom
2015-06-20 08:29:00,Bathroom
2015-06-20 08:31:00,Bathroom
2015-06-20 08:34:00,Kitchen
2015-06-20 08:36:00,Kitchen
2015-06-20 08:38:00,Kitchen
2015-06-20 08:40:00,Kitchen
2015-06-20 08:42:00,Kitchen
2015-06-20 08:44:00,Kitchen
2015-06-20 08:46:00,Kitchen
2015-06-20 08:48:00,Kitchen
2015-06-20 08:50:00,Kitchen
2015-06-20 08:52:00,Kitchen
2015-06-20 11:58:00,Kitchen
2015-06-20 12:00:00,Kitchen
2015-06-20 12:02:00,Kitchen
2015-06-20 12:04:00,Kitchen
2015-06-20 12:06:00,Kitchen
2015-06-20 12:08:00,Kitchen
2015-06-20 12:10:00,Kitchen
2015-06-20 12:12:00,Kitchen
2015-06-20 12:14:00,Kitchen
2015-06-20 12:16:00,Kitchen
2015-06-20 12:18:00,Kitchen
2015-06-20 12:20:00,Kitchen
2015-06-20 12:22:00,Kitchen
2015-06-20 12:24:00,Kitchen
2015-06-20 12:26:00,Kitchen
2015-06-20 12:28:00,Kitchen
2015-06-20 12:30:00,Kitchen
2015-06-20 12:32:00,Kitchen
2015-06-20 12:34:00,Kitchen
2015-06-20 12:36:00,Kitchen
2015-06-20 16:15:01,Bedroom
2015-06-20 16:30:01,Bedroom
2015-06-20 16:30:01,Living room
2015-06-20 16:45:01,Bedroom
2015-06-20 16:45:01,Living room
2015-06-20 17:00:01,Bedroom
2015-06-20 17:00:01,Living room
2015-06-20 17:15:01,Bedroom
2015-06-20 17:15:01,Living room
2015-06-20 17:30:01,Bedroom
2015-06-20 17:30:01,Living room
2015-06-20 17:45:01,Living room
2015-06-20 18:15:01,Bedroom
2015-06-20 18:30:01,Living room
2015-06-20 19:29:00,Kitchen
2015-06-20 19:31:00,Kitchen
2015-06-20 19:33:00,Kitchen
2015-06-20 19:35:00,Kitchen
2015-06-20 19:37:00,Kitchen
2015-06-20 19:39:00,Kitchen
2015-06-20 19:41:00,Kitchen
2015-06-20 19:43:00,Kitchen
2015-06-20 19:45:00,Kitchen
2015-06-20 19:47:00,Kitchen
2015-06-20 20:29:00,Living room
2015-06-20 20:31:00,Living room
2015-06-20 20:55:00,Living room
2015-06-20 20:57:00,Living room
2015-06-20 22:17:00,Bathroom
2015-06-20 22:19:00,Bathroom
2015-06-20 22:21:00,Bedroom
2015-06-20 22:23:00,Bedroom
2015-06-20 22:25:00,Bedroom
2015-06-20 22:27:00,Bedroom
2015-06-21 00:38:00,Bedroom
2015-06-21 01:57:00,Bathroom
2015-06-21 01:59:00,Bathroom
2015-06-21 04:55:00,Bathroom
2015-06-21 04:57:00,Bathroom
2015-06-21 06:40:00,Bedroom
2015-06-21 07:26:00,Bedroom
2015-06-21 08:54:00,Bedroom
2015-06-21 08:56:00,Bedroom
2015-06-21 08:58:00,Bedroom
2015-06-21 09:00:00,Bedroom
2015-06-21 09:02:00,Bedroom
2015-06-21 09:15:00,Bathroom
2015-06-21 09:17:00,Bathroom
2015-06-21 09:19:00,Bathroom
2015-06-21 10:00:00,Kitchen
2015-06-21 10:02:00,Kitchen
2015-06-21 10:04:00,Kitchen
2015-06-21 10:06:00,Kitchen
2015-06-21 10:08:00,Kitchen
2015-06-21 10:10:00,Kitchen
2015-06-21 10:12:00,Kitchen
2015-06-21 10:14:00,Kitchen
2015-06-21 10:16:00,Kitchen
2015-06-21 10:18:00,Kitchen
2015-06-21 13:18:00,Kitchen
2015-06-21 13:20:00,Kitchen
2015-06-21 13:38:00,Living room
2015-06-21 13:40:00,Living room
2015-06-21 13:42:00,Living room
2015-06-21 13:44:00,Living room
2015-06-21 13:46:00,Living room
2015-06-21 13:48:00,Living room
2015-06-21 13:50:00,Living room
2015-06-21 13:52:00,Living room
2015-06-21 13:54:00,Living room
2015-06-21 13:56:00,Living room
2015-06-21 13:58:00,Living room
2015-06-21 14:00:00,Living room
2015-06-21 14:02:00,Living room
2015-06-21 14:04:00,Living room
2015-06-21 14:06:00,Living room
2015-06-21 14:08:00,Living room
2015-06-21 14:10:00,Living room
2015-06-21 14:12:00,Living room
2015-06-21 14:14:00,Living room
2015-06-21 14:16:00,Living room
2015-06-21 17:00:01,Bedroom
2015-06-21 17:15:01,Kitchen
2015-06-21 17:15:01,Living room
2015-06-21 18:30:01,Bedroom
2015-06-21 18:45:01,Kitchen
2015-06-21 18:45:01,Living room
2015-06-21 19:30:00,Kitchen
2015-06-21 19:32:00,Kitchen
2015-06-21 19:34:00,Kitchen
2015-06-21 19:36:00,Kitchen
2015-06-21 19:38:00,Kitchen
2015-06-21 19:40:00,Kitchen
2015-06-21 19:42:00,Kitchen
2015-06-21 19:44:00,Kitchen
2015-06-21 19:46:00,Kitchen
2015-06-21 19:48:00,Kitchen
2015-06-21 20:32:00,Living room
2015-06-21 20:34:00,Living room
2015-06-21 20:53:00,Living room
2015-06-21 20:55:00,Living room
2015-06-21 22:50:00,Bathroom
2015-06-21 22:52:00,Bathroom
2015-06-21 22:54:00,Bedroom
2015-06-21 22:56:00,Bedroom
2015-06-21 22:58:00,Bedroom
2015-06-21 23:00:00,Bedroom
2015-06-22 01:40:00,Bedroom
2015-06-22 02:10:00,Bathroom
2015-06-22 02:12:00,Bathroom
2015-06-22 04:18:00,Bedroom
2015-06-22 05:11:00,Bathroom
2015-06-22 05:13:00,Bathroom
2015-06-22 05:38:00,Bedroom
2015-06-22 08:55:00,Bedroom
2015-06-22 08:57:00,Bedroom
2015-06-22 08:59:00,Bedroom
2015-06-22 09:01:00,Bedroom
2015-06-22 09:03:00,Bedroom
2015-06-22 09:09:00,Bathroom
2015-06-22 09:11:00,Bathroom
2015-06-22 09:13:00,Bathroom
2015-06-22 10:03:00,Kitchen
2015-06-22 10:05:00,Kitchen
2015-06-22 10:07:00,Kitchen
2015-06-22 10:09:00,Kitchen
2015-06-22 10:11:00,Kitchen
2015-06-22 10:13:00,Kitchen
2015-06-22 10:15:00,Kitchen
2015-06-22 10:17:00,Kitchen
2015-06-22 10:19:00,Kitchen
2015-06-22 10:21:00,Kitchen
2015-06-22 10:34:00,Kitchen
2015-06-22 10:36:00,Kitchen
2015-06-22 10:38:00,Kitchen
2015-06-22 10:40:00,Kitchen
2015-06-22 10:42:00,Kitchen
2015-06-22 10:44:00,Kitchen
2015-06-22 10:46:00,Kitchen
2015-06-22 10:48:00,Kitchen
2015-06-22 10:50:00,Kitchen
2015-06-22 10:52:00,Kitchen
2015-06-22 10:54:00,Kitchen
2015-06-22 10:56:00,Kitchen
2015-06-22 10:58:00,Kitchen
2015-06-22 11:00:00,Kitchen
2015-06-22 11:02:00,Kitchen
2015-06-22 11:04:00,Kitchen
2015-06-22 11:06:00,Kitchen
2015-06-22 11:08:00,Kitchen
2015-06-22 11:10:00,Kitchen
2015-06-22 11:12:00,Kitchen
2015-06-22 11:14:00,Kitchen
2015-06-22 11:16:00,Kitchen
2015-06-22 11:18:00,Kitchen
2015-06-22 11:20:00,Kitchen
2015-06-22 11:22:00,Kitchen
2015-06-22 11:24:00,Kitchen
2015-06-22 11:26:00,Kitchen
2015-06-22 11:28:00,Kitchen
2015-06-22 11:30:00,Kitchen
2015-06-22 11:32:00,Kitchen
2015-06-22 11:34:00,Kitchen
2015-06-22 11:36:00,Kitchen
2015-06-22 11:38:00,Kitchen
2015-06-22 11:40:00,Kitchen
2015-06-22 11:42:00,Kitchen
2015-06-22 11:44:00,Kitchen
2015-06-22 11:46:00,Kitchen
2015-06-22 11:48:00,Kitchen
2015-06-22 11:50:00,Kitchen
2015-06-22 11:52:00,Kitchen
2015-06-22 11:54:00,Kitchen
2015-06-22 11:56:00,Kitchen
2015-06-22 11:58:00,Kitchen
2015-06-22 12:00:00,Kitchen
2015-06-22 12:02:00,Kitchen
2015-06-22 13:17:00,Kitchen
2015-06-22 13:19:00,Kitchen
2015-06-22 13:32:00,Living room
2015-06-22 13:34:00,Living room
2015-06-22 13:36:00,Living room
2015-06-22 13:38:00,Living room
2015-06-22 13:40:00,Living room
2015-06-22 13:42:00,Living room
2015-06-22 13:44:00,Living room
2015-06-22 13:46:00,Living room
2015-06-22 13:48:00,Living room
2015-06-22 13:50:00,Living room
2015-06-22 13:52:00,Living room
2015-06-22 13:54:00,Living room
2015-06-22 13:56:00,Living room
2015-06-22 13:58:00,Living room
2015-06-22 14:00:00,Living room
2015-06-22 14:02:00,Living room
2015-06-22 14:04:00,Living room
2015-06-22 14:06:00,Living room
2015-06-22 14:06:00,Living room
2015-06-22 14:08:00,Living room
2015-06-22 14:10:00,Living room
2015-06-22 14:24:00,Living room
2015-06-22 14:41:00,Living room
2015-06-22 15:06:00,Living room
2015-06-22 15:19:00,Living room
2015-06-22 15:37:00,Living room
2015-06-22 19:25:00,Kitchen
2015-06-22 19:27:00,Kitchen
2015-06-22 19:29:00,Kitchen
2015-06-22 19:31:00,Kitchen
2015-06-22 19:33:00,Kitchen
2015-06-22 19:35:00,Kitchen
2015-06-22 19:37:00,Kitchen
2015-06-22 19:39:00,Kitchen
2015-06-22 19:41:00,Kitchen
2015-06-22 19:43:00,Kitchen
2015-06-22 20:24:00,Living room
2015-06-22 20:26:00,Living room
2015-06-22 20:53:00,Living room
2015-06-22 20:55:00,Living room
2015-06-22 22:51:00,Bathroom
2015-06-22 22:53:00,Bathroom
2015-06-22 22:55:00,Bedroom
2015-06-22 22:57:00,Bedroom
2015-06-22 22:59:00,Bedroom
2015-06-22 23:01:00,Bedroom
2015-06-23 02:02:00,Bathroom
2015-06-23 02:04:00,Bathroom
2015-06-23 04:17:00,Bedroom
2015-06-23 05:04:00,Bathroom
2015-06-23 05:06:00,Bathroom
2015-06-23 07:54:00,Bedroom
2015-06-23 07:56:00,Bedroom
2015-06-23 07:58:00,Bedroom
2015-06-23 08:00:00,Bedroom
2015-06-23 08:02:00,Bedroom
2015-06-23 08:11:00,Bathroom
2015-06-23 08:13:00,Bathroom
2015-06-23 08:15:00,Bathroom
2015-06-23 08:39:00,Kitchen
2015-06-23 08:41:00,Kitchen
2015-06-23 08:43:00,Kitchen
2015-06-23 08:45:00,Kitchen
2015-06-23 08:47:00,Kitchen
2015-06-23 08:49:00,Kitchen
2015-06-23 08:51:00,Kitchen
2015-06-23 08:53:00,Kitchen
2015-06-23 08:55:00,Kitchen
2015-06-23 08:57:00,Kitchen
2015-06-23 12:08:00,Kitchen
2015-06-23 12:10:00,Kitchen
2015-06-23 12:12:00,Kitchen
2015-06-23 12:14:00,Kitchen
2015-06-23 12:16:00,Kitchen
2015-06-23 12:18:00,Kitchen
2015-06-23 12:20:00,Kitchen
2015-06-23 12:22:00,Kitchen
2015-06-23 12:24:00,Kitchen
2015-06-23 12:26:00,Kitchen
2015-06-23 12:28:00,Kitchen
2015-06-23 12:30:00,Kitchen
2015-06-23 12:32:00,Kitchen
2015-06-23 12:34:00,Kitchen
2015-06-23 12:36:00,Kitchen
2015-06-23 12:38:00,Kitchen
2015-06-23 12:40:00,Kitchen
2015-06-23 12:42:00,Kitchen
2015-06-23 12:44:00,Kitchen
2015-06-23 12:46:00,Kitchen
2015-06-23 14:04:00,Living room
2015-06-23 14:23:00,Living room
2015-06-23 14:42:00,Living room
2015-06-23 15:10:00,Living room
2015-06-23 15:18:00,Living room
2015-06-23 15:20:00,Living room
2015-06-23 19:30:00,Kitchen
2015-06-23 19:32:00,Kitchen
2015-06-23 19:34:00,Kitchen
2015-06-23 19:36:00,Kitchen
2015-06-23 19:38:00,Kitchen
2015-06-23 19:40:00,Kitchen
2015-06-23 19:42:00,Kitchen
2015-06-23 19:44:00,Kitchen
2015-06-23 19:46:00,Kitchen
2015-06-23 19:48:00,Kitchen
2015-06-23 20:34:00,Living room
2015-06-23 20:36:00,Living room
2015-06-23 21:00:00,Living room
2015-06-23 21:02:00,Living room
2015-06-23 22:19:00,Bathroom
2015-06-23 22:21:00,Bathroom
2015-06-23 22:23:00,Bedroom
2015-06-23 22:25:00,Bedroom
2015-06-23 22:27:00,Bedroom
2015-06-23 22:29:00,Bedroom
2015-06-23 23:25:00,Bedroom
2015-06-24 01:16:00,Bedroom
2015-06-24 02:10:00,Bathroom
2015-06-24 02:12:00,Bathroom
2015-06-24 05:06:00,Bathroom
2015-06-24 05:08:00,Bathroom
2015-06-24 06:23:00,Bedroom
2015-06-24 08:00:00,Bedroom
2015-06-24 08:02:00,Bedroom
2015-06-24 08:04:00,Bedroom
2015-06-24 08:06:00,Bedroom
2015-06-24 08:08:00,Bedroom
2015-06-24 08:21:00,Bathroom
2015-06-24 08:23:00,Bathroom
2015-06-24 08:25:00,Bathroom
2015-06-24 08:26:00,Kitchen
2015-06-24 08:28:00,Kitchen
2015-06-24 08:30:00,Kitchen
2015-06-24 08:32:00,Kitchen
2015-06-24 08:34:00,Kitchen
2015-06-24 08:36:00,Kitchen
2015-06-24 08:38:00,Kitchen
2015-06-24 08:40:00,Kitchen
2015-06-24 08:42:00,Kitchen
2015-06-24 08:44:00,Kitchen
2015-06-24 10:22:00,Kitchen
2015-06-24 10:24:00,Kitchen
2015-06-24 10:26:00,Kitchen
2015-06-24 10:28:00,Kitchen
2015-06-24 10:30:00,Kitchen
2015-06-24 10:32:00,Kitchen
2015-06-24 10:34:00,Kitchen
2015-06-24 10:36:00,Kitchen
2015-06-24 10:38:00,Kitchen
2015-06-24 10:40:00,Kitchen
2015-06-24 10:42:00,Kitchen
2015-06-24 10:44:00,Kitchen
2015-06-24 10:46:00,Kitchen
2015-06-24 10:48:00,Kitchen
2015-06-24 10:50:00,Kitchen
2015-06-24 10:52:00,Kitchen
2015-06-24 10:54:00,Kitchen
2015-06-24 10:56:00,Kitchen
2015-06-24 10:58:00,Kitchen
2015-06-24 11:00:00,Kitchen
2015-06-24 11:02:00,Kitchen
2015-06-24 11:04:00,Kitchen
2015-06-24 11:06:00,Kitchen
2015-06-24 11:08:00,Kitchen
2015-06-24 11:10:00,Kitchen
2015-06-24 11:12:00,Kitchen
2015-06-24 11:14:00,Kitchen
2015-06-24 11:16:00,Kitchen
2015-06-24 11:18:00,Kitchen
2015-06-24 11:20:00,Kitchen
2015-06-24 11:22:00,Kitchen
2015-06-24 11:24:00,Kitchen
2015-06-24 11:26:00,Kitchen
2015-06-24 11:28:00,Kitchen
2015-06-24 11:30:00,Kitchen
2015-06-24 11:32:00,Kitchen
2015-06-24 11:34:00,Kitchen
2015-06-24 11:36:00,Kitchen
2015-06-24 11:38:00,Kitchen
2015-06-24 11:40:00,Kitchen
2015-06-24 11:42:00,Kitchen
2015-06-24 11:44:00,Kitchen
2015-06-24 11:46:00,Kitchen
2015-06-24 11:48:00,Kitchen
2015-06-24 11:50:00,Kitchen
2015-06-24 12:00:00,Kitchen
2015-06-24 12:02:00,Kitchen
2015-06-24 12:04:00,Kitchen
2015-06-24 12:06:00,Kitchen
2015-06-24 12:08:00,Kitchen
2015-06-24 12:10:00,Kitchen
2015-06-24 12:12:00,Kitchen
2015-06-24 12:14:00,Kitchen
2015-06-24 12:16:00,Kitchen
2015-06-24 12:18:00,Kitchen
2015-06-24 12:20:00,Kitchen
2015-06-24 12:22:00,Kitchen
2015-06-24 12:24:00,Kitchen
2015-06-24 12:26:00,Kitchen
2015-06-24 12:28:00,Kitchen
2015-06-24 12:30:00,Kitchen
2015-06-24 12:32:00,Kitchen
2015-06-24 12:34:00,Kitchen
2015-06-24 12:36:00,Kitchen
2015-06-24 12:38:00,Kitchen
2015-06-24 14:13:00,Living room
2015-06-24 14:21:00,Living room
2015-06-24 14:35:00,Living room
2015-06-24 15:13:00,Living room
2015-06-24 15:17:00,Living room
2015-06-24 15:28:00,Living room
2015-06-24 19:41:00,Kitchen
2015-06-24 19:43:00,Kitchen
2015-06-24 19:45:00,Kitchen
2015-06-24 19:47:00,Kitchen
2015-06-24 19:49:00,Kitchen
2015-06-24 19:51:00,Kitchen
2015-06-24 19:53:00,Kitchen
2015-06-24 19:55:00,Kitchen
2015-06-24 19:57:00,Kitchen
2015-06-24 19:59:00,Kitchen
2015-06-24 20:25:00,Living room
2015-06-24 20:27:00,Living room
2015-06-24 21:01:00,Living room
2015-06-24 21:03:00,Living room
2015-06-24 22:21:00,Bathroom
2015-06-24 22:23:00,Bathroom
2015-06-24 22:25:00,Bedroom
2015-06-24 22:27:00,Bedroom
2015-06-24 22:29:00,Bedroom
2015-06-24 22:31:00,Bedroom
2015-06-25 01:53:00,Bathroom
2015-06-25 01:55:00,Bathroom
2015-06-25 02:50:00,Bedroom
2015-06-25 04:26:00,Bedroom
2015-06-25 05:11:00,Bathroom
2015-06-25 05:13:00,Bathroom
2015-06-25 05:15:00,Bedroom
2015-06-25 08:07:00,Bathroom
2015-06-25 08:09:00,Bathroom
2015-06-25 08:09:00,Bedroom
2015-06-25 08:11:00,Bathroom
2015-06-25 08:11:00,Bedroom
2015-06-25 08:13:00,Bedroom
2015-06-25 08:15:00,Bedroom
2015-06-25 08:17:00,Bedroom
2015-06-25 08:31:00,Kitchen
2015-06-25 08:33:00,Kitchen
2015-06-25 08:35:00,Kitchen
2015-06-25 08:37:00,Kitchen
2015-06-25 08:39:00,Kitchen
2015-06-25 08:41:00,Kitchen
2015-06-25 08:43:00,Kitchen
2015-06-25 08:45:00,Kitchen
2015-06-25 08:47:00,Kitchen
2015-06-25 08:49:00,Kitchen
2015-06-25 12:07:00,Kitchen
2015-06-25 12:09:00,Kitchen
2015-06-25 12:11:00,Kitchen
2015-06-25 12:13:00,Kitchen
2015-06-25 12:15:00,Kitchen
2015-06-25 12:17:00,Kitchen
2015-06-25 12:19:00,Kitchen
2015-06-25 12:21:00,Kitchen
2015-06-25 12:23:00,Kitchen
2015-06-25 12:25:00,Kitchen
2015-06-25 12:27:00,Kitchen
2015-06-25 12:29:00,Kitchen
2015-06-25 12:31:00,Kitchen
2015-06-25 12:33:00,Kitchen
2015-06-25 12:35:00,Kitchen
2015-06-25 12:37:00,Kitchen
2015-06-25 12:39:00,Kitchen
2015-06-25 12:41:00,Kitchen
2015-06-25 12:43:00,Kitchen
2015-06-25 12:45:00,Kitchen
2015-06-25 14:18:00,Living room
2015-06-25 14:23:00,Living room
2015-06-25 14:26:00,Living room
2015-06-25 15:11:00,Living room
2015-06-25 15:13:00,Living room
2015-06-25 15:31:00,Living room
2015-06-25 19:32:00,Kitchen
2015-06-25 19:34:00,Kitchen
2015-06-25 19:36:00,Kitchen
2015-06-25 19:38:00,Kitchen
2015-06-25 19:40:00,Kitchen
2015-06-25 19:42:00,Kitchen
2015-06-25 19:44:00,Kitchen
2015-06-25 19:46:00,Kitchen
2015-06-25 19:48:00,Kitchen
2015-06-25 19:50:00,Kitchen
2015-06-25 20:42:00,Living room
2015-06-25 20:44:00,Living room
2015-06-25 21:06:00,Living room
2015-06-25 21:08:00,Living room
2015-06-25 22:21:00,Bathroom
2015-06-25 22:23:00,Bathroom
2015-06-25 22:25:00,Bedroom
2015-06-25 22:27:00,Bedroom
2015-06-25 22:29:00,Bedroom
2015-06-25 22:31:00,Bedroom
2015-06-26 01:38:00,Bedroom
2015-06-26 02:08:00,Bathroom
2015-06-26 02:10:00,Bathroom
2015-06-26 02:20:00,Bedroom
2015-06-26 04:32:00,Bedroom
2015-06-26 05:02:00,Bathroom
2015-06-26 05:04:00,Bathroom
2015-06-26 07:57:00,Bedroom
2015-06-26 07:59:00,Bedroom
2015-06-26 08:01:00,Bedroom
2015-06-26 08:03:00,Bedroom
2015-06-26 08:05:00,Bedroom
2015-06-26 08:12:00,Bathroom
2015-06-26 08:14:00,Bathroom
2015-06-26 08:16:00,Bathroom
2015-06-26 08:31:00,Kitchen
2015-06-26 08:33:00,Kitchen
2015-06-26 08:35:00,Kitchen
2015-06-26 08:37:00,Kitchen
2015-06-26 08:39:00,Kitchen
2015-06-26 08:41:00,Kitchen
2015-06-26 08:43:00,Kitchen
2015-06-26 08:45:00,Kitchen
2015-06-26 08:47:00,Kitchen
2015-06-26 08:49:00,Kitchen
2015-06-26 11:56:00,Kitchen
2015-06-26 11:58:00,Kitchen
2015-06-26 12:00:00,Kitchen
2015-06-26 12:02:00,Kitchen
2015-06-26 12:04:00,Kitchen
2015-06-26 12:06:00,Kitchen
2015-06-26 12:08:00,Kitchen
2015-06-26 12:10:00,Kitchen
2015-06-26 12:12:00,Kitchen
2015-06-26 12:14:00,Kitchen
2015-06-26 12:16:00,Kitchen
2015-06-26 12:18:00,Kitchen
2015-06-26 12:20:00,Kitchen
2015-06-26 12:22:00,Kitchen
2015-06-26 12:24:00,Kitchen
2015-06-26 12:26:00,Kitchen
2015-06-26 12:28:00,Kitchen
2015-06-26 12:30:00,Kitchen
2015-06-26 12:32:00,Kitchen
2015-06-26 12:34:00,Kitchen
2015-06-26 16:15:01,Bedroom
2015-06-26 16:30:01,Bedroom
2015-06-26 16:30:01,Living room
2015-06-26 16:45:01,Bedroom
2015-06-26 16:45:01,Living room
2015-06-26 17:00:01,Bedroom
2015-06-26 17:00:01,Living room
2015-06-26 17:15:01,Bedroom
2015-06-26 17:15:01,Living room
2015-06-26 17:30:01,Bedroom
2015-06-26 17:30:01,Living room
2015-06-26 17:45:01,Bedroom
2015-06-26 17:45:01,Living room
2015-06-26 18:00:01,Bedroom
2015-06-26 18:00:01,Living room
2015-06-26 18:15:01,Living room
2015-06-26 18:30:01,Bedroom
2015-06-26 18:45:01,Living room
2015-06-26 19:22:00,Kitchen
2015-06-26 19:24:00,Kitchen
2015-06-26 19:26:00,Kitchen
2015-06-26 19:28:00,Kitchen
2015-06-26 19:30:00,Kitchen
2015-06-26 19:32:00,Kitchen
2015-06-26 19:34:00,Kitchen
2015-06-26 19:36:00,Kitchen
2015-06-26 19:38:00,Kitchen
2015-06-26 19:40:00,Kitchen
2015-06-26 20:38:00,Living room
2015-06-26 20:40:00,Living room
2015-06-26 20:54:00,Living room
2015-06-26 20:56:00,Living room
2015-06-26 22:22:00,Bathroom
2015-06-26 22:24:00,Bathroom
2015-06-26 22:26:00,Bedroom
2015-06-26 22:28:00,Bedroom
2015-06-26 22:30:00,Bedroom
2015-06-26 22:32:00,Bedroom
2015-06-26 23:33:00,Bedroom
2015-06-27 00:05:00,Bedroom
2015-06-27 02:08:00,Bathroom
2015-06-27 02:10:00,Bathroom
2015-06-27 02:13:00,Bedroom
2015-06-27 04:03:00,Bedroom
2015-06-27 05:02:00,Bathroom
2015-06-27 05:04:00,Bathroom
2015-06-27 06:39:00,Bedroom
2015-06-27 07:30:00,Bedroom
2015-06-27 07:55:00,Bedroom
2015-06-27 07:57:00,Bedroom
2015-06-27 07:59:00,Bedroom
2015-06-27 08:01:00,Bedroom
2015-06-27 08:03:00,Bedroom
2015-06-27 08:18:00,Bathroom
2015-06-27 08:20:00,Bathroom
2015-06-27 08:22:00,Bathroom
2015-06-27 08:23:00,Kitchen
2015-06-27 08:25:00,Kitchen
2015-06-27 08:27:00,Kitchen
2015-06-27 08:29:00,Kitchen
2015-06-27 08:31:00,Kitchen
2015-06-27 08:33:00,Kitchen
2015-06-27 08:35:00,Kitchen
2015-06-27 08:37:00,Kitchen
2015-06-27 08:39:00,Kitchen
2015-06-27 08:41:00,Kitchen
2015-06-27 10:37:00,Kitchen
2015-06-27 10:39:00,Kitchen
2015-06-27 10:41:00,Kitchen
2015-06-27 10:43:00,Kitchen
2015-06-27 10:45:00,Kitchen
2015-06-27 10:47:00,Kitchen
2015-06-27 10:49:00,Kitchen
2015-06-27 10:51:00,Kitchen
2015-06-27 10:53:00,Kitchen
2015-06-27 10:55:00,Kitchen
2015-06-27 10:57:00,Kitchen
2015-06-27 10:59:00,Kitchen
2015-06-27 11:01:00,Kitchen
2015-06-27 11:03:00,Kitchen
2015-06-27 11:05:00,Kitchen
2015-06-27 11:07:00,Kitchen
2015-06-27 11:09:00,Kitchen
2015-06-27 11:11:00,Kitchen
2015-06-27 11:13:00,Kitchen
2015-06-27 11:15:00,Kitchen
2015-06-27 11:17:00,Kitchen
2015-06-27 11:19:00,Kitchen
2015-06-27 11:21:00,Kitchen
2015-06-27 11:23:00,Kitchen
2015-06-27 11:25:00,Kitchen
2015-06-27 11:27:00,Kitchen
2015-06-27 11:29:00,Kitchen
2015-06-27 11:31:00,Kitchen
2015-06-27 11:33:00,Kitchen
2015-06-27 11:35:00,Kitchen
2015-06-27 11:37:00,Kitchen
2015-06-27 11:39:00,Kitchen
2015-06-27 11:41:00,Kitchen
2015-06-27 11:43:00,Kitchen
2015-06-27 11:45:00,Kitchen
2015-06-27 11:47:00,Kitchen
2015-06-27 11:49:00,Kitchen
2015-06-27 11:51:00,Kitchen
2015-06-27 11:53:00,Kitchen
2015-06-27 11:55:00,Kitchen
2015-06-27 11:57:00,Kitchen
2015-06-27 11:59:00,Kitchen
2015-06-27 12:01:00,Kitchen
2015-06-27 12:03:00,Kitchen
2015-06-27 12:05:00,Kitchen
2015-06-27 12:09:00,Kitchen
2015-06-27 12:11:00,Kitchen
2015-06-27 12:13:00,Kitchen
2015-06-27 12:15:00,Kitchen
2015-06-27 12:17:00,Kitchen
2015-06-27 12:19:00,Kitchen
2015-06-27 12:21:00,Kitchen
2015-06-27 12:23:00,Kitchen
2015-06-27 12:25:00,Kitchen
2015-06-27 12:27:00,Kitchen
2015-06-27 12:29:00,Kitchen
2015-06-27 12:31:00,Kitchen
2015-06-27 12:33:00,Kitchen
2015-06-27 12:35:00,Kitchen
2015-06-27 12:37:00,Kitchen
2015-06-27 12:39:00,Kitchen
2015-06-27 12:41:00,Kitchen
2015-06-27 12:43:00,Kitchen
2015-06-27 12:45:00,Kitchen
2015-06-27 12:47:00,Kitchen
2015-06-27 16:15:01,Bedroom
2015-06-27 16:30:01,Bathroom
2015-06-27 16:30:01,Kitchen
2015-06-27 16:30:01,Living room
2015-06-27 17:15:01,Bedroom
2015-06-27 17:30:01,Bathroom
2015-06-27 17:30:01,Bedroom
2015-06-27 17:30:01,Kitchen
2015-06-27 17:30:01,Living room
2015-06-27 17:45:01,Bathroom
2015-06-27 17:45:01,Kitchen
2015-06-27 17:45:01,Living room
2015-06-27 18:45:01,Bedroom
2015-06-27 19:00:01,Bathroom
2015-06-27 19:00:01,Kitchen
2015-06-27 19:00:01,Living room
2015-06-27 19:22:00,Kitchen
2015-06-27 19:24:00,Kitchen
2015-06-27 19:26:00,Kitchen
2015-06-27 19:28:00,Kitchen
2015-06-27 19:30:00,Kitchen
2015-06-27 19:32:00,Kitchen
2015-06-27 19:34:00,Kitchen
2015-06-27 19:36:00,Kitchen
2015-06-27 19:38:00,Kitchen
2015-06-27 19:40:00,Kitchen
2015-06-27 20:32:00,Living room
2015-06-27 20:34:00,Living room
2015-06-27 20:57:00,Living room
2015-06-27 20:59:00,Living room
2015-06-27 22:22:00,Bathroom
2015-06-27 22:24:00,Bathroom
2015-06-27 22:26:00,Bedroom
2015-06-27 22:28:00,Bedroom
2015-06-27 22:30:00,Bedroom
2015-06-27 22:32:00,Bedroom
2015-06-27 23:11:00,Bedroom
2015-06-28 00:24:00,Bedroom
2015-06-28 01:59:00,Bathroom
2015-06-28 02:01:00,Bathroom
2015-06-28 04:59:00,Bathroom
2015-06-28 05:01:00,Bathroom
2015-06-28 09:01:00,Bedroom
2015-06-28 09:03:00,Bedroom
2015-06-28 09:05:00,Bedroom
2015-06-28 09:07:00,Bedroom
2015-06-28 09:09:00,Bathroom
2015-06-28 09:09:00,Bedroom
2015-06-28 09:11:00,Bathroom
2015-06-28 09:13:00,Bathroom
2015-06-28 10:00:00,Kitchen
2015-06-28 10:02:00,Kitchen
2015-06-28 10:04:00,Kitchen
2015-06-28 10:06:00,Kitchen
2015-06-28 10:08:00,Kitchen
2015-06-28 10:10:00,Kitchen
2015-06-28 10:12:00,Kitchen
2015-06-28 10:14:00,Kitchen
2015-06-28 10:16:00,Kitchen
2015-06-28 10:18:00,Kitchen
2015-06-28 10:38:00,Kitchen
2015-06-28 10:40:00,Kitchen
2015-06-28 10:42:00,Kitchen
2015-06-28 10:44:00,Kitchen
2015-06-28 10:46:00,Kitchen
2015-06-28 10:48:00,Kitchen
2015-06-28 10:50:00,Kitchen
2015-06-28 10:52:00,Kitchen
2015-06-28 10:54:00,Kitchen
2015-06-28 10:56:00,Kitchen
2015-06-28 10:58:00,Kitchen
2015-06-28 11:00:00,Kitchen
2015-06-28 11:02:00,Kitchen
2015-06-28 11:04:00,Kitchen
2015-06-28 11:06:00,Kitchen
2015-06-28 11:08:00,Kitchen
2015-06-28 11:10:00,Kitchen
2015-06-28 11:12:00,Kitchen
2015-06-28 11:14:00,Kitchen
2015-06-28 11:16:00,Kitchen
2015-06-28 11:18:00,Kitchen
2015-06-28 11:20:00,Kitchen
2015-06-28 11:22:00,Kitchen
2015-06-28 11:24:00,Kitchen
2015-06-28 11:26:00,Kitchen
2015-06-28 11:28:00,Kitchen
2015-06-28 11:30:00,Kitchen
2015-06-28 11:32:00,Kitchen
2015-06-28 11:34:00,Kitchen
2015-06-28 11:36:00,Kitchen
2015-06-28 11:38:00,Kitchen
2015-06-28 11:40:00,Kitchen
2015-06-28 11:42:00,Kitchen
2015-06-28 11:44:00,Kitchen
2015-06-28 11:46:00,Kitchen
2015-06-28 11:48:00,Kitchen
2015-06-28 11:50:00,Kitchen
2015-06-28 11:52:00,Kitchen
2015-06-28 11:54:00,Kitchen
2015-06-28 11:56:00,Kitchen
2015-06-28 11:58:00,Kitchen
2015-06-28 12:00:00,Kitchen
2015-06-28 12:02:00,Kitchen
2015-06-28 12:04:00,Kitchen
2015-06-28 12:06:00,Kitchen
2015-06-28 13:18:00,Kitchen
2015-06-28 13:20:00,Kitchen
2015-06-28 13:38:00,Living room
2015-06-28 13:40:00,Living room
2015-06-28 13:42:00,Living room
2015-06-28 13:44:00,Living room
2015-06-28 13:46:00,Living room
2015-06-28 13:48:00,Living room
2015-06-28 13:50:00,Living room
2015-06-28 13:52:00,Living room
2015-06-28 13:54:00,Living room
2015-06-28 13:56:00,Living room
2015-06-28 13:58:00,Living room
2015-06-28 14:00:00,Living room
2015-06-28 14:02:00,Living room
2015-06-28 14:04:00,Living room
2015-06-28 14:06:00,Living room
2015-06-28 14:08:00,Living room
2015-06-28 14:10:00,Living room
2015-06-28 14:12:00,Living room
2015-06-28 14:14:00,Living room
2015-06-28 14:16:00,Living room
2015-06-28 16:00:01,Bedroom
2015-06-28 16:15:01,Living room
2015-06-28 17:30:01,Bedroom
2015-06-28 17:45:01,Living room
2015-06-28 18:00:01,Bedroom
2015-06-28 18:15:01,Living room
2015-06-28 18:30:01,Bedroom
2015-06-28 18:45:01,Living room
2015-06-28 19:32:00,Kitchen
2015-06-28 19:34:00,Kitchen
2015-06-28 19:36:00,Kitchen
2015-06-28 19:38:00,Kitchen
2015-06-28 19:40:00,Kitchen
2015-06-28 19:42:00,Kitchen
2015-06-28 19:44:00,Kitchen
2015-06-28 19:46:00,Kitchen
2015-06-28 19:48:00,Kitchen
2015-06-28 19:50:00,Kitchen
2015-06-28 20:35:00,Living room
2015-06-28 20:37:00,Living room
2015-06-28 21:02:00,Living room
2015-06-28 21:04:00,Living room
2015-06-28 22:51:00,Bathroom
2015-06-28 22:53:00,Bathroom
2015-06-28 22:55:00,Bedroom
2015-06-28 22:57:00,Bedroom
2015-06-28 22:59:00,Bedroom
2015-06-28 23:01:00,Bedroom
2015-06-29 01:42:00,Bedroom
2015-06-29 01:59:00,Bathroom
2015-06-29 02:01:00,Bathroom
2015-06-29 05:09:00,Bathroom
2015-06-29 05:11:00,Bathroom
2015-06-29 09:01:00,Bedroom
2015-06-29 09:03:00,Bedroom
2015-06-29 09:05:00,Bedroom
2015-06-29 09:07:00,Bedroom
2015-06-29 09:09:00,Bedroom
2015-06-29 09:26:00,Bathroom
2015-06-29 09:28:00,Bathroom
2015-06-29 09:30:00,Bathroom
2015-06-29 10:03:00,Kitchen
2015-06-29 10:05:00,Kitchen
2015-06-29 10:07:00,Kitchen
2015-06-29 10:09:00,Kitchen
2015-06-29 10:11:00,Kitchen
2015-06-29 10:13:00,Kitchen
2015-06-29 10:15:00,Kitchen
2015-06-29 10:17:00,Kitchen
2015-06-29 10:19:00,Kitchen
2015-06-29 10:21:00,Kitchen
2015-06-29 13:22:00,Kitchen
2015-06-29 13:24:00,Kitchen
2015-06-29 13:29:00,Living room
2015-06-29 13:31:00,Living room
2015-06-29 13:33:00,Living room
2015-06-29 13:35:00,Living room
2015-06-29 13:37:00,Living room
2015-06-29 13:39:00,Living room
2015-06-29 13:41:00,Living room
2015-06-29 13:43:00,Living room
2015-06-29 13:45:00,Living room
2015-06-29 13:47:00,Living room
2015-06-29 13:49:00,Living room
2015-06-29 13:51:00,Living room
2015-06-29 13:53:00,Living room
2015-06-29 13:55:00,Living room
2015-06-29 13:57:00,Living room
2015-06-29 13:59:00,Living room
2015-06-29 14:01:00,Living room
2015-06-29 14:03:00,Living room
2015-06-29 14:05:00,Living room
2015-06-29 14:07:00,Living room
2015-06-29 16:45:01,Bedroom
2015-06-29 17:00:01,Bedroom
2015-06-29 17:00:01,Living room
2015-06-29 17:15:01,Bedroom
2015-06-29 17:15:01,Living room
2015-06-29 17:30:01,Living room
2015-06-29 17:45:01,Bedroom
2015-06-29 18:00:01,Living room
2015-06-29 19:22:00,Kitchen
2015-06-29 19:24:00,Kitchen
2015-06-29 19:26:00,Kitchen
2015-06-29 19:28:00,Kitchen
2015-06-29 19:30:00,Kitchen
2015-06-29 19:32:00,Kitchen
2015-06-29 19:34:00,Kitchen
2015-06-29 19:36:00,Kitchen
2015-06-29 19:38:00,Kitchen
2015-06-29 19:40:00,Kitchen
2015-06-29 20:42:00,Living room
2015-06-29 20:44:00,Living room
2015-06-29 21:04:00,Living room
2015-06-29 21:06:00,Living room
2015-06-29 22:49:00,Bathroom
2015-06-29 22:51:00,Bathroom
2015-06-29 22:53:00,Bedroom
2015-06-29 22:55:00,Bedroom
2015-06-29 22:57:00,Bedroom
2015-06-29 22:59:00,Bedroom
2015-06-30 05:38:00,Bedroom
2015-06-30 07:00:00,Bedroom